"0","library(tidyverse)
"
"2","ê²½ê³ : íŒ¨í‚¤ì§€ â€˜tidyverseâ€™ëŠ” R ë²„ì „ 4.1.3ì—ì„œ ì‘ì„±ë˜ì—ˆìŠµë‹ˆë‹¤"
"2","Registered S3 methods overwritten by 'dbplyr':
  method         from
  print.tbl_lazy     
  print.tbl_sql      
"
"2","-- [1mAttaching packages[22m -------------------------------------------------------- tidyverse 1.3.2 --"
"2","[32mv[39m [34mggplot2[39m 3.4.0      [32mv[39m [34mpurrr  [39m 0.3.5 
[32mv[39m [34mtibble [39m 3.1.8      [32mv[39m [34mdplyr  [39m 1.0.10
[32mv[39m [34mtidyr  [39m 1.2.1      [32mv[39m [34mstringr[39m 1.4.1 
[32mv[39m [34mreadr  [39m 2.1.3      [32mv[39m [34mforcats[39m 0.5.2 "
"2","ê²½ê³ : íŒ¨í‚¤ì§€ â€˜ggplot2â€™ëŠ” R ë²„ì „ 4.1.3ì—ì„œ ì‘ì„±ë˜ì—ˆìŠµë‹ˆë‹¤"
"2","ê²½ê³ : íŒ¨í‚¤ì§€ â€˜tibbleâ€™ëŠ” R ë²„ì „ 4.1.3ì—ì„œ ì‘ì„±ë˜ì—ˆìŠµë‹ˆë‹¤"
"2","ê²½ê³ : íŒ¨í‚¤ì§€ â€˜tidyrâ€™ëŠ” R ë²„ì „ 4.1.3ì—ì„œ ì‘ì„±ë˜ì—ˆìŠµë‹ˆë‹¤"
"2","ê²½ê³ : íŒ¨í‚¤ì§€ â€˜readrâ€™ëŠ” R ë²„ì „ 4.1.3ì—ì„œ ì‘ì„±ë˜ì—ˆìŠµë‹ˆë‹¤"
"2","ê²½ê³ : íŒ¨í‚¤ì§€ â€˜purrrâ€™ëŠ” R ë²„ì „ 4.1.3ì—ì„œ ì‘ì„±ë˜ì—ˆìŠµë‹ˆë‹¤"
"2","ê²½ê³ : íŒ¨í‚¤ì§€ â€˜dplyrâ€™ëŠ” R ë²„ì „ 4.1.3ì—ì„œ ì‘ì„±ë˜ì—ˆìŠµë‹ˆë‹¤"
"2","ê²½ê³ : íŒ¨í‚¤ì§€ â€˜stringrâ€™ëŠ” R ë²„ì „ 4.1.3ì—ì„œ ì‘ì„±ë˜ì—ˆìŠµë‹ˆë‹¤"
"2","ê²½ê³ : íŒ¨í‚¤ì§€ â€˜forcatsâ€™ëŠ” R ë²„ì „ 4.1.3ì—ì„œ ì‘ì„±ë˜ì—ˆìŠµë‹ˆë‹¤"
"2","-- [1mConflicts[22m ----------------------------------------------------------- tidyverse_conflicts() --
[31mx[39m [34mdplyr[39m::[32mfilter()[39m masks [34mstats[39m::filter()
[31mx[39m [34mdplyr[39m::[32mlag()[39m    masks [34mstats[39m::lag()"
"0","library(tidyverse)"
"0","library(lubridate)"
"2","ê²½ê³ : íŒ¨í‚¤ì§€ â€˜lubridateâ€™ëŠ” R ë²„ì „ 4.1.3ì—ì„œ ì‘ì„±ë˜ì—ˆìŠµë‹ˆë‹¤"
"2","í•„ìš”í•œ íŒ¨í‚¤ì§€ë¥¼ ë¡œë”©ì¤‘ì…ë‹ˆë‹¤: timechange
"
"2","ê²½ê³ : íŒ¨í‚¤ì§€ â€˜timechangeâ€™ëŠ” R ë²„ì „ 4.1.3ì—ì„œ ì‘ì„±ë˜ì—ˆìŠµë‹ˆë‹¤"
"2","
ë‹¤ìŒì˜ íŒ¨í‚¤ì§€ë¥¼ ë¶€ì°©í•©ë‹ˆë‹¤: â€˜lubridateâ€™

"
"2","The following objects are masked from â€˜package:baseâ€™:

    date, intersect, setdiff, union

"
"0","library(kableExtra)"
"2","ê²½ê³ : íŒ¨í‚¤ì§€ â€˜kableExtraâ€™ëŠ” R ë²„ì „ 4.1.3ì—ì„œ ì‘ì„±ë˜ì—ˆìŠµë‹ˆë‹¤"
"2","
ë‹¤ìŒì˜ íŒ¨í‚¤ì§€ë¥¼ ë¶€ì°©í•©ë‹ˆë‹¤: â€˜kableExtraâ€™

"
"2","The following object is masked from â€˜package:dplyrâ€™:

    group_rows

"
